series_id,date,value
A124873641L,2010-01-01,54.0
A124873641L,2010-02-01,55.1
A124873641L,2010-03-01,54.3
A124873641L,2010-04-01,55.9
A124873641L,2010-05-01,55.7
A124873641L,2010-06-01,55.8
A124873641L,2010-07-01,56.5
A124873641L,2010-08-01,56.4
A124873641L,2010-09-01,56.1
A124873641L,2010-10-01,57.4
A124873641L,2010-11-01,56.9
A124873641L,2010-12-01,57.5
A124873641L,2011-01-01,65.1
A124873641L,2011-02-01,60.5
A124873641L,2011-03-01,62.8
A124873641L,2011-04-01,62.8
A124873641L,2011-05-01,64.3
A124873641L,2011-06-01,64.6
A124873641L,2011-07-01,63.6
A124873641L,2011-08-01,65.2
A124873641L,2011-09-01,65.5
A124873641L,2011-10-01,64.2
A124873641L,2011-11-01,67.1
A124873641L,2011-12-01,65.6
A124873641L,2012-01-01,68.2
A124873641L,2012-02-01,66.3
A124873641L,2012-03-01,67.5
A124873641L,2012-04-01,64.9
A124873641L,2012-05-01,66.3
A124873641L,2012-06-01,67.3
A124873641L,2012-07-01,66.0
A124873641L,2012-08-01,66.4
A124873641L,2012-09-01,67.2
A124873641L,2012-10-01,67.8
A124873641L,2012-11-01,66.4
A124873641L,2012-12-01,66.9
A124873641L,2013-01-01,66.9
A124873641L,2013-02-01,67.2
A124873641L,2013-03-01,64.1
A124873641L,2013-04-01,67.0
A124873641L,2013-05-01,70.4
A124873641L,2013-06-01,66.4
A124873641L,2013-07-01,66.0
A124873641L,2013-08-01,66.4
A124873641L,2013-09-01,66.2
A124873641L,2013-10-01,66.7
A124873641L,2013-11-01,65.5
A124873641L,2013-12-01,66.0
A124873641L,2014-01-01,67.9
A124873641L,2014-02-01,66.1
A124873641L,2014-03-01,66.0
A124873641L,2014-04-01,65.3
A124873641L,2014-05-01,65.3
A124873641L,2014-06-01,67.1
A124873641L,2014-07-01,66.3
A124873641L,2014-08-01,68.5
A124873641L,2014-09-01,69.9
A124873641L,2014-10-01,68.3
A124873641L,2014-11-01,69.2
A124873641L,2014-12-01,70.1
A124873641L,2015-01-01,66.2
A124873641L,2015-02-01,70.2
A124873641L,2015-03-01,68.6
A124873641L,2015-04-01,71.7
A124873641L,2015-05-01,69.8
A124873641L,2015-06-01,71.1
A124873641L,2015-07-01,70.7
A124873641L,2015-08-01,72.8
A124873641L,2015-09-01,71.4
A124873641L,2015-10-01,72.6
A124873641L,2015-11-01,73.2
A124873641L,2015-12-01,72.3
A124873641L,2016-01-01,73.1
A124873641L,2016-02-01,72.4
A124873641L,2016-03-01,72.7
A124873641L,2016-04-01,75.4
A124873641L,2016-05-01,74.6
A124873641L,2016-06-01,74.1
A124873641L,2016-07-01,75.1
A124873641L,2016-08-01,73.8
A124873641L,2016-09-01,74.7
A124873641L,2016-10-01,81.3
A124873641L,2016-11-01,84.1
A124873641L,2016-12-01,85.6
A124873641L,2017-01-01,84.3
A124873641L,2017-02-01,84.6
A124873641L,2017-03-01,85.4
A124873641L,2017-04-01,82.4
A124873641L,2017-05-01,87.8
A124873641L,2017-06-01,88.9
A124873641L,2017-07-01,88.3
A124873641L,2017-08-01,89.5
A124873641L,2017-09-01,89.9
A124873641L,2017-10-01,92.1
A124873641L,2017-11-01,89.6
A124873641L,2017-12-01,95.6
A124873641L,2018-01-01,93.9
A124873641L,2018-02-01,95.1
A124873641L,2018-03-01,95.8
A124873641L,2018-04-01,96.2
A124873641L,2018-05-01,97.9
A124873641L,2018-06-01,96.4
A124873641L,2018-07-01,97.1
A124873641L,2018-08-01,96.4
A124873641L,2018-09-01,99.2
A124873641L,2018-10-01,97.3
A124873641L,2018-11-01,95.2
A124873641L,2018-12-01,96.3
A124873641L,2019-01-01,98.3
A124873641L,2019-02-01,100.1
A124873641L,2019-03-01,98.2
A124873641L,2019-04-01,98.8
A124873641L,2019-05-01,100.2
A124873641L,2019-06-01,98.9
A124873641L,2019-07-01,100.0
A124873641L,2019-08-01,100.5
A124873641L,2019-09-01,99.2
A124873641L,2019-10-01,99.8
A124873641L,2019-11-01,100.2
A124873641L,2019-12-01,97.8
A124873641L,2020-01-01,101.7
A124873641L,2020-02-01,100.1
A124873641L,2020-03-01,102.4
A124873641L,2020-04-01,99.6
A124873641L,2020-05-01,94.7
A124873641L,2020-06-01,97.1
A124873641L,2020-07-01,94.4
A124873641L,2020-08-01,94.5
A124873641L,2020-09-01,92.8
A124873641L,2020-10-01,93.4
A124873641L,2020-11-01,94.5
A124873641L,2020-12-01,94.8
A124873641L,2021-01-01,93.2
A124873641L,2021-02-01,96.1
A124873641L,2021-03-01,96.8
A124873641L,2021-04-01,98.9
A124873641L,2021-05-01,99.1
A124873641L,2021-06-01,101.8
A124873641L,2021-07-01,100.4
A124873641L,2021-08-01,102.5
A124873641L,2021-09-01,102.5
A124873641L,2021-10-01,104.1
A124873641L,2021-11-01,104.5
A124873641L,2021-12-01,105.7
A124873641L,2022-01-01,105.9
A124873641L,2022-02-01,109.3
A124873641L,2022-03-01,109.8
A124873641L,2022-04-01,109.4
A124873641L,2022-05-01,109.0
A124873641L,2022-06-01,112.3
A124873641L,2022-07-01,114.2
A124873641L,2022-08-01,116.1
A124873641L,2022-09-01,116.9
A124873641L,2022-10-01,121.8
A124873641L,2022-11-01,118.9
A124873641L,2022-12-01,121.2
A124873641L,2023-01-01,117.6
A124873641L,2023-02-01,121.1
A124873641L,2023-03-01,121.9
A124873641L,2023-04-01,122.4
A124873641L,2023-05-01,124.2
A124873641L,2023-06-01,122.5
A124873641L,2023-07-01,124.2
A124873641L,2023-08-01,123.9
A124873641L,2023-09-01,123.9
A124873641L,2023-10-01,125.4
A124873641L,2023-11-01,126.5
A124873641L,2023-12-01,125.1
A124873641L,2024-01-01,126.1
A124873641L,2024-02-01,124.2
A124873641L,2024-03-01,125.1
A124873641L,2024-04-01,128.6
A124873641L,2024-05-01,128.0
A124873641L,2024-06-01,131.4
A124873641L,2024-07-01,129.7
A124873641L,2024-08-01,129.4
A124873641L,2024-09-01,128.4
A124873641L,2024-10-01,128.4
A124873641L,2024-11-01,128.9
A124873641L,2024-12-01,130.4
A124873641L,2025-01-01,134.9
A124873641L,2025-02-01,132.8
A124873641L,2025-03-01,132.6
A124873641L,2025-04-01,133.4
A124873641L,2025-05-01,133.9
A124873641L,2025-06-01,131.5
A124873641L,2025-07-01,138.2
A124873641L,2025-08-01,138.3
A124873641L,2025-09-01,141.1
A124873821W,2010-01-01,61.0
A124873821W,2010-02-01,62.1
A124873821W,2010-03-01,61.7
A124873821W,2010-04-01,61.9
A124873821W,2010-05-01,59.1
A124873821W,2010-06-01,59.2
A124873821W,2010-07-01,60.3
A124873821W,2010-08-01,60.8
A124873821W,2010-09-01,60.0
A124873821W,2010-10-01,61.4
A124873821W,2010-11-01,60.9
A124873821W,2010-12-01,64.7
A124873821W,2011-01-01,61.9
A124873821W,2011-02-01,61.5
A124873821W,2011-03-01,61.5
A124873821W,2011-04-01,62.1
A124873821W,2011-05-01,62.6
A124873821W,2011-06-01,62.5
A124873821W,2011-07-01,63.0
A124873821W,2011-08-01,63.0
A124873821W,2011-09-01,63.6
A124873821W,2011-10-01,63.4
A124873821W,2011-11-01,67.2
A124873821W,2011-12-01,64.4
A124873821W,2012-01-01,64.9
A124873821W,2012-02-01,63.0
A124873821W,2012-03-01,65.9
A124873821W,2012-04-01,66.1
A124873821W,2012-05-01,67.4
A124873821W,2012-06-01,68.1
A124873821W,2012-07-01,66.3
A124873821W,2012-08-01,67.0
A124873821W,2012-09-01,68.2
A124873821W,2012-10-01,69.6
A124873821W,2012-11-01,66.8
A124873821W,2012-12-01,67.3
A124873821W,2013-01-01,67.0
A124873821W,2013-02-01,68.9
A124873821W,2013-03-01,67.8
A124873821W,2013-04-01,67.8
A124873821W,2013-05-01,67.6
A124873821W,2013-06-01,70.0
A124873821W,2013-07-01,69.1
A124873821W,2013-08-01,68.7
A124873821W,2013-09-01,69.5
A124873821W,2013-10-01,68.9
A124873821W,2013-11-01,69.0
A124873821W,2013-12-01,69.8
A124873821W,2014-01-01,71.3
A124873821W,2014-02-01,72.2
A124873821W,2014-03-01,71.2
A124873821W,2014-04-01,71.2
A124873821W,2014-05-01,72.0
A124873821W,2014-06-01,71.3
A124873821W,2014-07-01,77.0
A124873821W,2014-08-01,77.9
A124873821W,2014-09-01,78.1
A124873821W,2014-10-01,78.0
A124873821W,2014-11-01,79.0
A124873821W,2014-12-01,82.6
A124873821W,2015-01-01,78.6
A124873821W,2015-02-01,81.8
A124873821W,2015-03-01,80.7
A124873821W,2015-04-01,82.0
A124873821W,2015-05-01,80.9
A124873821W,2015-06-01,82.1
A124873821W,2015-07-01,82.2
A124873821W,2015-08-01,81.8
A124873821W,2015-09-01,81.5
A124873821W,2015-10-01,82.7
A124873821W,2015-11-01,83.2
A124873821W,2015-12-01,85.1
A124873821W,2016-01-01,83.8
A124873821W,2016-02-01,83.0
A124873821W,2016-03-01,84.1
A124873821W,2016-04-01,84.1
A124873821W,2016-05-01,83.0
A124873821W,2016-06-01,83.0
A124873821W,2016-07-01,85.7
A124873821W,2016-08-01,85.6
A124873821W,2016-09-01,84.9
A124873821W,2016-10-01,86.4
A124873821W,2016-11-01,84.9
A124873821W,2016-12-01,85.0
A124873821W,2017-01-01,87.3
A124873821W,2017-02-01,86.6
A124873821W,2017-03-01,86.7
A124873821W,2017-04-01,86.6
A124873821W,2017-05-01,89.3
A124873821W,2017-06-01,89.3
A124873821W,2017-07-01,90.5
A124873821W,2017-08-01,90.6
A124873821W,2017-09-01,91.9
A124873821W,2017-10-01,92.8
A124873821W,2017-11-01,93.6
A124873821W,2017-12-01,91.2
A124873821W,2018-01-01,92.1
A124873821W,2018-02-01,91.7
A124873821W,2018-03-01,91.6
A124873821W,2018-04-01,91.3
A124873821W,2018-05-01,93.2
A124873821W,2018-06-01,92.9
A124873821W,2018-07-01,92.5
A124873821W,2018-08-01,92.9
A124873821W,2018-09-01,93.8
A124873821W,2018-10-01,92.1
A124873821W,2018-11-01,94.3
A124873821W,2018-12-01,93.7
A124873821W,2019-01-01,94.1
A124873821W,2019-02-01,97.3
A124873821W,2019-03-01,94.6
A124873821W,2019-04-01,95.8
A124873821W,2019-05-01,97.6
A124873821W,2019-06-01,98.5
A124873821W,2019-07-01,100.0
A124873821W,2019-08-01,97.4
A124873821W,2019-09-01,96.1
A124873821W,2019-10-01,97.8
A124873821W,2019-11-01,97.8
A124873821W,2019-12-01,100.2
A124873821W,2020-01-01,102.0
A124873821W,2020-02-01,99.7
A124873821W,2020-03-01,81.7
A124873821W,2020-04-01,48.0
A124873821W,2020-05-01,50.4
A124873821W,2020-06-01,69.5
A124873821W,2020-07-01,83.0
A124873821W,2020-08-01,76.9
A124873821W,2020-09-01,80.6
A124873821W,2020-10-01,82.1
A124873821W,2020-11-01,83.5
A124873821W,2020-12-01,92.3
A124873821W,2021-01-01,94.2
A124873821W,2021-02-01,95.0
A124873821W,2021-03-01,98.7
A124873821W,2021-04-01,103.5
A124873821W,2021-05-01,102.7
A124873821W,2021-06-01,101.3
A124873821W,2021-07-01,80.6
A124873821W,2021-08-01,72.5
A124873821W,2021-09-01,76.7
A124873821W,2021-10-01,87.0
A124873821W,2021-11-01,100.3
A124873821W,2021-12-01,105.9
A124873821W,2022-01-01,100.0
A124873821W,2022-02-01,106.3
A124873821W,2022-03-01,109.4
A124873821W,2022-04-01,117.6
A124873821W,2022-05-01,118.4
A124873821W,2022-06-01,122.9
A124873821W,2022-07-01,125.0
A124873821W,2022-08-01,124.7
A124873821W,2022-09-01,125.9
A124873821W,2022-10-01,125.1
A124873821W,2022-11-01,125.7
A124873821W,2022-12-01,126.9
A124873821W,2023-01-01,128.2
A124873821W,2023-02-01,130.1
A124873821W,2023-03-01,130.2
A124873821W,2023-04-01,130.0
A124873821W,2023-05-01,132.2
A124873821W,2023-06-01,131.9
A124873821W,2023-07-01,131.2
A124873821W,2023-08-01,132.1
A124873821W,2023-09-01,134.8
A124873821W,2023-10-01,134.2
A124873821W,2023-11-01,135.5
A124873821W,2023-12-01,136.7
A124873821W,2024-01-01,136.3
A124873821W,2024-02-01,136.5
A124873821W,2024-03-01,137.0
A124873821W,2024-04-01,135.6
A124873821W,2024-05-01,135.4
A124873821W,2024-06-01,143.1
A124873821W,2024-07-01,138.8
A124873821W,2024-08-01,141.0
A124873821W,2024-09-01,140.7
A124873821W,2024-10-01,142.4
A124873821W,2024-11-01,142.8
A124873821W,2024-12-01,145.6
A124873821W,2025-01-01,146.2
A124873821W,2025-02-01,146.5
A124873821W,2025-03-01,143.6
A124873821W,2025-04-01,149.4
A124873821W,2025-05-01,150.7
A124873821W,2025-06-01,149.2
A124873821W,2025-07-01,153.5
A124873821W,2025-08-01,149.7
A124873821W,2025-09-01,151.8
A124873965J,2010-01-01,68.5
A124873965J,2010-02-01,68.1
A124873965J,2010-03-01,69.2
A124873965J,2010-04-01,69.3
A124873965J,2010-05-01,69.7
A124873965J,2010-06-01,69.6
A124873965J,2010-07-01,71.7
A124873965J,2010-08-01,70.4
A124873965J,2010-09-01,70.5
A124873965J,2010-10-01,70.0
A124873965J,2010-11-01,70.7
A124873965J,2010-12-01,72.5
A124873965J,2011-01-01,72.0
A124873965J,2011-02-01,73.1
A124873965J,2011-03-01,74.2
A124873965J,2011-04-01,73.5
A124873965J,2011-05-01,72.5
A124873965J,2011-06-01,72.6
A124873965J,2011-07-01,75.0
A124873965J,2011-08-01,75.1
A124873965J,2011-09-01,75.1
A124873965J,2011-10-01,74.2
A124873965J,2011-11-01,76.0
A124873965J,2011-12-01,75.2
A124873965J,2012-01-01,74.8
A124873965J,2012-02-01,75.2
A124873965J,2012-03-01,76.3
A124873965J,2012-04-01,77.5
A124873965J,2012-05-01,77.6
A124873965J,2012-06-01,77.1
A124873965J,2012-07-01,76.1
A124873965J,2012-08-01,78.1
A124873965J,2012-09-01,78.0
A124873965J,2012-10-01,78.7
A124873965J,2012-11-01,78.9
A124873965J,2012-12-01,79.7
A124873965J,2013-01-01,79.7
A124873965J,2013-02-01,80.4
A124873965J,2013-03-01,78.8
A124873965J,2013-04-01,79.7
A124873965J,2013-05-01,79.5
A124873965J,2013-06-01,86.4
A124873965J,2013-07-01,80.7
A124873965J,2013-08-01,81.7
A124873965J,2013-09-01,81.6
A124873965J,2013-10-01,81.1
A124873965J,2013-11-01,81.4
A124873965J,2013-12-01,81.8
A124873965J,2014-01-01,84.1
A124873965J,2014-02-01,84.0
A124873965J,2014-03-01,83.7
A124873965J,2014-04-01,84.8
A124873965J,2014-05-01,84.8
A124873965J,2014-06-01,84.8
A124873965J,2014-07-01,84.5
A124873965J,2014-08-01,83.3
A124873965J,2014-09-01,84.8
A124873965J,2014-10-01,83.1
A124873965J,2014-11-01,82.0
A124873965J,2014-12-01,81.8
A124873965J,2015-01-01,82.2
A124873965J,2015-02-01,83.0
A124873965J,2015-03-01,83.9
A124873965J,2015-04-01,83.9
A124873965J,2015-05-01,83.3
A124873965J,2015-06-01,84.3
A124873965J,2015-07-01,86.5
A124873965J,2015-08-01,85.3
A124873965J,2015-09-01,86.1
A124873965J,2015-10-01,87.7
A124873965J,2015-11-01,88.3
A124873965J,2015-12-01,88.8
A124873965J,2016-01-01,88.8
A124873965J,2016-02-01,87.6
A124873965J,2016-03-01,88.4
A124873965J,2016-04-01,89.8
A124873965J,2016-05-01,89.1
A124873965J,2016-06-01,90.6
A124873965J,2016-07-01,91.8
A124873965J,2016-08-01,92.0
A124873965J,2016-09-01,91.4
A124873965J,2016-10-01,92.0
A124873965J,2016-11-01,92.7
A124873965J,2016-12-01,95.4
A124873965J,2017-01-01,94.0
A124873965J,2017-02-01,94.5
A124873965J,2017-03-01,93.6
A124873965J,2017-04-01,93.0
A124873965J,2017-05-01,94.3
A124873965J,2017-06-01,93.6
A124873965J,2017-07-01,94.1
A124873965J,2017-08-01,94.0
A124873965J,2017-09-01,94.8
A124873965J,2017-10-01,96.4
A124873965J,2017-11-01,97.7
A124873965J,2017-12-01,98.9
A124873965J,2018-01-01,98.3
A124873965J,2018-02-01,99.2
A124873965J,2018-03-01,99.0
A124873965J,2018-04-01,98.8
A124873965J,2018-05-01,100.2
A124873965J,2018-06-01,99.4
A124873965J,2018-07-01,100.8
A124873965J,2018-08-01,102.8
A124873965J,2018-09-01,102.7
A124873965J,2018-10-01,103.7
A124873965J,2018-11-01,102.0
A124873965J,2018-12-01,100.0
A124873965J,2019-01-01,101.9
A124873965J,2019-02-01,102.8
A124873965J,2019-03-01,102.9
A124873965J,2019-04-01,103.7
A124873965J,2019-05-01,102.5
A124873965J,2019-06-01,107.6
A124873965J,2019-07-01,100.0
A124873965J,2019-08-01,100.1
A124873965J,2019-09-01,101.7
A124873965J,2019-10-01,101.8
A124873965J,2019-11-01,101.8
A124873965J,2019-12-01,102.1
A124873965J,2020-01-01,104.9
A124873965J,2020-02-01,102.3
A124873965J,2020-03-01,109.4
A124873965J,2020-04-01,84.1
A124873965J,2020-05-01,98.7
A124873965J,2020-06-01,104.7
A124873965J,2020-07-01,107.8
A124873965J,2020-08-01,102.1
A124873965J,2020-09-01,103.0
A124873965J,2020-10-01,105.7
A124873965J,2020-11-01,112.3
A124873965J,2020-12-01,113.9
A124873965J,2021-01-01,113.1
A124873965J,2021-02-01,113.1
A124873965J,2021-03-01,117.5
A124873965J,2021-04-01,118.4
A124873965J,2021-05-01,118.8
A124873965J,2021-06-01,115.8
A124873965J,2021-07-01,113.9
A124873965J,2021-08-01,113.4
A124873965J,2021-09-01,114.7
A124873965J,2021-10-01,119.4
A124873965J,2021-11-01,126.2
A124873965J,2021-12-01,124.3
A124873965J,2022-01-01,125.7
A124873965J,2022-02-01,130.6
A124873965J,2022-03-01,135.1
A124873965J,2022-04-01,135.7
A124873965J,2022-05-01,137.2
A124873965J,2022-06-01,139.1
A124873965J,2022-07-01,140.4
A124873965J,2022-08-01,144.4
A124873965J,2022-09-01,143.0
A124873965J,2022-10-01,140.4
A124873965J,2022-11-01,142.6
A124873965J,2022-12-01,140.6
A124873965J,2023-01-01,141.2
A124873965J,2023-02-01,140.1
A124873965J,2023-03-01,140.5
A124873965J,2023-04-01,141.4
A124873965J,2023-05-01,140.7
A124873965J,2023-06-01,139.1
A124873965J,2023-07-01,137.6
A124873965J,2023-08-01,144.6
A124873965J,2023-09-01,146.7
A124873965J,2023-10-01,145.2
A124873965J,2023-11-01,146.9
A124873965J,2023-12-01,142.3
A124873965J,2024-01-01,144.2
A124873965J,2024-02-01,145.3
A124873965J,2024-03-01,146.0
A124873965J,2024-04-01,149.0
A124873965J,2024-05-01,150.6
A124873965J,2024-06-01,147.8
A124873965J,2024-07-01,145.4
A124873965J,2024-08-01,145.6
A124873965J,2024-09-01,143.9
A124873965J,2024-10-01,145.8
A124873965J,2024-11-01,147.3
A124873965J,2024-12-01,146.4
A124873965J,2025-01-01,150.2
A124873965J,2025-02-01,149.2
A124873965J,2025-03-01,149.6
A124873965J,2025-04-01,150.8
A124873965J,2025-05-01,150.1
A124873965J,2025-06-01,150.9
A124873965J,2025-07-01,152.4
A124873965J,2025-08-01,151.3
A124873965J,2025-09-01,151.5
