date,revenue,operating_cost,cash_balance,receivables
2025-01-01,52000,35000,82000,12000
2025-02-01,53500,35800,84500,12500
2025-03-01,54800,36600,87000,13000
2025-04-01,55200,37400,88600,13600
2025-05-01,56000,38200,90100,14000
2025-06-01,56800,39100,91500,14500
2025-07-01,57000,40200,91800,15100
2025-08-01,56500,41400,91000,16000
2025-09-01,55800,42500,89200,17100
2025-10-01,54600,43700,86100,18400
2025-11-01,53100,44900,82000,19900
2025-12-01,51200,46200,76300,21800
2026-01-01,49500,47400,69800,23500
2026-02-01,48100,48600,62100,25200
2026-03-01,46800,49700,53600,26900
2026-04-01,45100,50700,44200,28600
2026-05-01,43800,51600,34200,30500
2026-06-01,42100,52600,23500,32800
